Name,Appearances,Goals,Wins,Losses,Goals per match
Emmanuel Longelo,0,0,0,0,0.0
Ayoze Pérez,203,43,69,88,0.21
Sadio Mané,236,99,142,42,0.42
Raúl Jiménez,93,35,39,29,0.38
Dwight Gayle,139,26,32,74,0.19
Steven Bergwijn,38,4,20,9,0.11
Yoshinori Muto,25,1,3,16,0.04
Hélder Costa,48,4,17,21,0.08
Theo Walcott,371,78,184,104,0.21
Adalberto Peñaranda,0,0,0,0,0.0
Odsonne Édouard,4,2,1,1,0.5
Lewis Dobbin,2,0,1,0,2.0
Tammy Abraham,89,26,36,33,0.29
Ignacio Pussetto,7,0,1,4,0.0
Marcus Rashford,179,55,96,33,0.31
Dane Scarlett,1,0,1,0,0.0
Divock Origi,101,19,61,17,0.19
Leonardo Campana,0,0,0,0,0.0
Cristiano Ronaldo,200,87,134,29,0.43
Jürgen Locadia,34,3,7,21,0.09
Saman Ghoddos,2,0,0,0,0.0
Mohamed Salah,165,103,111,21,0.62
Andy Carroll,248,54,84,101,0.22
Willian,259,38,148,56,0.15
Diogo Jota,93,28,42,22,0.3
Jan Mlakar,0,0,0,0,0.0
Halil Dervisoglu,0,0,0,0,0.0
Raphinha,37,9,17,15,0.24
Lewis Richardson,2,0,0,2,0.0
Chris Wood,144,48,44,64,0.33
Shola Shoretire,2,0,2,0,0.0
Richarlison,147,39,58,57,0.27
Ian Poveda-Ocampo,14,0,4,6,0.0
Lucas Moura,109,17,56,37,0.16
Jamie Vardy,252,124,105,90,0.49
Danny Ings,147,57,46,62,0.39
Son Heung-Min,203,73,115,49,0.36
Adam Armstrong,22,1,1,16,0.05
Keinan Davis,33,1,6,16,0.03
Isaac Success,54,2,17,27,0.04
Daniel N'Lundulu,13,0,3,7,0.0
Ademola Lookman,74,5,21,28,0.07
Philip Zinckernagel,0,0,0,0,0.0
Jarrod Bowen,65,10,26,26,0.15
Neal Maupay,77,22,21,29,0.29
Pedro Neto,60,8,23,19,0.13
Salomón Rondón,144,35,40,62,0.24
Moise Kean,32,2,9,13,0.06
Anthony Elanga,2,1,1,1,0.5
Indiana Vassilev,4,0,1,2,0.0
Samuel Edozie,0,0,0,0,0.0
Stipe Perica,0,0,0,0,0.0
Olivier Giroud,255,90,141,59,0.35
Amad Diallo,3,0,1,1,3.0
Michael Obafemi,32,4,12,14,0.13
Cengiz Ünder,9,0,2,6,0.0
Robert Street,0,0,0,0,0.0
Glenn Murray,148,37,44,61,0.25
Christian Benteke,262,82,82,123,0.31
Joel Mumbongo,4,0,0,3,0.0
Theo Corbeanu,1,0,0,1,1.0
Riyad Mahrez,231,67,121,63,0.29
Abdallah Dipo Sima,0,0,0,0,0.0
Jay Rodriguez,213,42,61,89,0.2
Reiss Nelson,23,1,10,7,0.04
Tyreece John-Jules,0,0,0,0,0.0
Jean-Philippe Mateta,8,1,1,6,0.13
Jadon Sancho,6,0,4,0,0.0
Danny Welbeck,252,51,123,73,0.2
Ollie Watkins,42,15,18,17,0.36
Teemu Pukki,43,13,5,31,0.3
Folarin Balogun,2,0,0,2,0.0
Iké Ugbo,0,0,0,0,0.0
Cenk Tosun,54,10,15,22,0.19
Dominic Calvert-Lewin,150,43,59,57,0.29
Joshua Sargent,6,0,0,5,0.0
Sebastian Soto,0,0,0,0,0.0
Viktor Gyökeres,0,0,0,0,0.0
Joe Hugill,0,0,0,0,0.0
Mbwana Samatta,14,1,2,8,0.07
Harry Kane,251,166,139,60,0.66
Aaron Connolly,43,5,11,19,0.12
Gabriel Jesus,138,52,104,18,0.38
Kenedy,54,4,18,23,0.07
Morgan Rogers,0,0,0,0,0.0
Xande Silva,1,0,0,1,0.0
Taiwo Awoniyi,0,0,0,0,0.0
Alex Gilbert,0,0,0,0,0.0
José Izquierdo,48,5,13,20,0.1
Carlos Vinícius,9,1,5,2,0.11
Ivan Toney,9,2,3,1,0.22
Andi Zeqiri,9,0,4,2,0.0
Jeremy Sarmiento,0,0,0,0,0.0
Joelinton,76,6,20,33,0.08
João Pedro,5,0,0,4,0.0
Evan Ferguson,0,0,0,0,0.0
Michail Antonio,165,51,63,61,0.31
Cucho Hernández,4,1,1,3,0.25
Leon Bailey,3,1,1,2,0.33
Steven Alzate,36,1,9,15,0.03
Joshua King,178,48,51,86,0.27
Sam Dalby,0,0,0,0,0.0
Thomas Dickson-Peters,0,0,0,0,0.0
Ashley Barnes,184,41,51,85,0.22
Sam Greenwood,0,0,0,0,0.0
Michael Tait,0,0,0,0,0.0
Troy Deeney,165,47,48,82,0.28
Timo Werner,41,7,23,9,0.17
Hwang Hee-Chan,4,3,3,1,0.75
Saïd Benrahma,37,4,19,11,0.11
Patson Daka,1,0,0,1,0.0
Dilan Markanday,0,0,0,0,0.0
Patrick Cutrone,14,2,5,4,0.14
Ashley Fletcher,16,0,7,7,0.0
Willian José,17,1,6,7,0.06
Trincão,6,0,2,4,0.0
Caleb Chukwuemeka,0,0,0,0,0.0
Sergio Agüero,275,184,186,45,0.67
Bernard,73,5,25,33,0.07
Kelechi Iheanacho,149,34,55,58,0.23
Emmanuel Dennis,7,2,2,4,0.29
Ademipo Odubeko,0,0,0,0,0.0
Patrick Bamford,70,19,21,36,0.27
Pierre-Emerick Aubameyang,120,66,57,38,0.55
Alireza Jahanbakhsh,50,2,10,26,0.04
Allan Saint-Maximin,58,8,20,23,0.14
Marcus Forss,1,0,1,0,0.0
Andriy Yarmolenko,53,7,17,20,0.13
Percy Tau,3,0,1,1,0.0
Matej Vydra,90,9,16,49,0.1
Armando Broja,5,0,1,1,0.0
Alexandre Lacazette,130,50,58,41,0.38
Josh Martin,5,0,0,5,0.0
Christos Tzolis,3,0,0,3,3.0
Michy Batshuayi,77,15,41,26,0.19
Marco Stiepermann,24,0,3,18,0.0
William Smallbone,12,0,5,4,0.0
Isaac Price,0,0,0,0,0.0
Jordan Ayew,177,26,46,90,0.15
Ellis Simms,0,0,0,0,0.0
Eddie Nketiah,38,5,15,16,0.13
Che Adams,71,13,24,32,0.18
Pablo Moreno,0,0,0,0,0.0
Fábio Silva,36,4,9,21,0.11
Anthony Martial,172,56,89,39,0.33
Joel Valencia,0,0,0,0,0.0
Mungo Bridge,0,0,0,0,0.0
Cameron Archer,2,0,1,1,0.0
Edinson Cavani,29,10,14,5,0.34
Gareth Bale,166,53,71,50,0.32
Florin Andone,26,4,5,14,0.15
Connor Wickham,120,19,29,59,0.16
Ferran Torres,28,9,19,6,0.32
Joe Gelhardt,0,0,0,0,0.0
Alex Iwobi,161,13,75,52,0.08
Wilfried Zaha,252,49,80,109,0.19
Callum Hudson-Odoi,59,3,31,16,0.05
Troy Parrott,2,0,1,1,0.0
Nicolas Pépé,65,15,27,21,0.23
Sergi Canós,8,1,3,1,0.13
Demarai Gray,140,13,57,51,0.09
Bryan Gil,4,0,2,2,0.0
Rafa Mir,0,0,0,0,0.0
Aaron Pressley,0,0,0,0,0.0
Roberto Firmino,216,67,134,31,0.31
Brad Young,0,0,0,0,0.0
Takumi Minamino,29,3,14,10,0.1
Bertrand Traoré,50,9,17,22,0.18
Leandro Trossard,73,11,18,28,0.15
Romelu Lukaku,258,116,116,81,0.45
Nathan Broadhead,1,0,0,0,0.0
Rodrigo,49,8,18,23,0.16
Wesley,25,5,7,14,0.2
Louie Barry,0,0,0,0,0.0
Adam Idah,17,0,0,15,0.0
Liam Delap,1,0,0,1,0.0
